,City,Cloudiness,Country,Date,Humidity,Lat,Lng,Max Temperature,Wind Speed
0,Waitangi,100,NZ,1681930688,93,-43.9535,-176.5597,16.01,3.58
1,Acapulco de Juárez,61,MX,1681930690,56,16.8634,-99.8901,30.67,4.52
2,Hawaiian Paradise Park,20,US,1681930691,95,19.5933,-154.9731,23.83,6.69
3,Tallkayf,100,IQ,1681930692,40,36.4894,43.1192,22.95,2.66
4,Tiksi,100,RU,1681930670,100,71.6872,128.8694,-23.1,1.67
5,Puerto Armuelles,100,PA,1681930695,61,8.2833,-82.8667,32.99,4.56
6,Newquay,20,GB,1681930697,81,50.4132,-5.0819,12.24,5.14
7,Stanley,20,GB,1681930698,84,54.868,-1.6985,8.77,4.12
8,Grytviken,100,GS,1681930699,93,-54.2811,-36.5092,3.07,1.9
9,Saint Paul Harbor,75,US,1681930435,60,57.79,-152.4072,3.73,5.14
10,Puerto Natales,75,CL,1681930702,50,-51.7236,-72.4875,13.25,15.95
11,Port-aux-Français,74,TF,1681930669,76,-49.35,70.2167,5.02,16.37
12,Kimbe,89,PG,1681930705,93,-5.5502,150.1429,23.96,1.5
13,Carutapera,100,BR,1681930706,88,-1.195,-46.02,26.29,1.31
14,Aasiaat,98,GL,1681930708,79,68.7098,-52.8699,-7.68,3.14
15,Taroa,100,MH,1681930709,82,8.7058,171.2275,27.09,6.9
16,Bethel,75,US,1681930710,51,41.3712,-73.414,14.24,6.69
17,El Granada,0,US,1681930711,55,37.5027,-122.4694,16.75,7.2
18,Ancud,89,CL,1681930713,87,-41.8697,-73.8203,14.76,2.37
19,Nova Viçosa,8,BR,1681930714,72,-17.8919,-39.3719,30.27,7.04
20,Uturoa,87,PF,1681930716,79,-16.7333,-151.4333,27.93,7.19
21,Aksuat,5,KZ,1681930717,70,48.7167,83.7,-3.89,3.1
22,Adamstown,46,PN,1681930670,75,-25.066,-130.1015,24.91,3.33
23,Longyearbyen,20,SJ,1681930719,63,78.2186,15.6401,-7.09,6.69
24,Enewetak,100,MH,1681930721,81,11.3474,162.3373,26.42,10.62
25,Gamay,29,PH,1681930722,92,12.3854,125.2979,25.38,1.94
26,Bilibino,100,RU,1681930723,92,68.0546,166.4372,-6.58,0.99
27,Tobol'sk,41,RU,1681930724,58,58.2,68.2667,-1.72,2.5
28,Petropavlovsk-Kamchatskiy,75,RU,1681930633,65,53.0452,158.6483,2.33,4.0
29,Ghardaïa,75,DZ,1681930727,11,32.4909,3.6735,31.64,13.38
30,Invercargill,91,NZ,1681930728,82,-46.4,168.35,11.68,0.89
31,Morant Bay,8,JM,1681930729,67,17.8815,-76.4093,30.79,4.91
32,Chibougamau,75,CA,1681930698,69,49.9168,-74.3659,-2.21,5.14
33,Lebu,100,CL,1681930732,79,-37.6167,-73.65,15.02,8.55
34,Torghay,100,KZ,1681930733,83,49.6339,63.4981,5.85,3.6
35,Longboat Key,0,US,1681930725,40,27.4125,-82.659,30.01,5.66
36,Naryan-Mar,100,RU,1681930738,98,67.6713,53.087,0.28,7.59
37,Jamestown,0,US,1681930740,59,42.097,-79.2353,12.51,3.09
38,Port Elizabeth,0,ZA,1681930689,68,-33.918,25.5701,20.73,2.06
39,Mount Isa,75,AU,1681930742,33,-20.7333,139.5,21.87,5.14
40,Shirgaon,12,IN,1681930745,66,19.7,72.7,28.67,3.06
41,Fort McMurray,100,CA,1681930665,93,56.7268,-111.381,0.77,5.14
42,Al Muţayrifī,99,SA,1681930748,28,25.4788,49.5576,24.19,1.93
43,Pangai,75,TO,1681930750,89,-19.8,-174.35,26.06,7.72
44,Tauranga,83,NZ,1681930752,97,-37.6861,176.1667,19.41,0.45
45,West Island,100,CC,1681930753,94,-12.1568,96.8225,25.99,8.75
46,Edinburgh of the Seven Seas,100,SH,1681930755,72,-37.0676,-12.3116,17.97,9.37
47,Blackmans Bay,86,AU,1681930756,74,-43.0167,147.3167,9.29,3.8
48,Mios,0,FR,1681930757,40,44.6049,-0.9333,21.21,4.12
49,Kabansk,0,RU,1681930759,67,52.0486,106.6528,-10.79,4.92
50,Albany,96,US,1681930652,63,42.6001,-73.9662,7.24,1.34
51,George Town,20,MY,1681930763,78,5.4112,100.3354,27.97,0.0
52,San Patricio,100,US,1681930764,65,28.017,-97.5169,27.93,8.08
53,Tazovsky,100,RU,1681930708,97,67.4667,78.7,-10.41,1.99
54,Nemuro,99,JP,1681930685,91,43.3236,145.575,3.79,3.42
55,Hermanus,100,ZA,1681930768,79,-34.4187,19.2345,16.0,2.1
56,Dusa Marreb,100,SO,1681930769,52,5.535,46.3861,29.96,8.49
57,Vilyuchinsk,100,RU,1681930771,81,52.9306,158.4028,3.15,3.64
58,Alcácer do Sal,0,PT,1681930772,45,38.3733,-8.5144,19.75,4.82
59,Queenstown,4,ZA,1681930774,26,-31.8976,26.8753,18.2,3.45
60,Ataq,44,YE,1681930775,51,14.5377,46.8319,22.89,5.22
61,Inírida,100,CO,1681930777,50,3.8653,-67.9239,32.3,2.07
62,Tocopilla,21,CL,1681930778,72,-22.092,-70.1979,22.04,2.76
63,Margaret River,0,AU,1681930687,62,-33.95,115.0667,12.78,3.41
64,Papatowai,96,NZ,1681930781,94,-46.5619,169.4708,9.03,2.75
65,Brookings,100,US,1681930783,84,44.3114,-96.7984,13.19,5.14
66,Ilulissat,41,GL,1681930677,84,69.2167,-51.1,-7.16,2.34
67,Mil’kovo,49,RU,1681930785,54,55.6078,37.7956,12.22,3.38
68,Bodø,75,NO,1681930717,87,67.28,14.405,7.65,8.75
69,Alice Springs,0,AU,1681930688,87,-23.7,133.8833,10.75,4.12
70,Choix,91,MX,1681930789,18,26.7092,-108.3219,33.02,3.74
71,Port Mathurin,38,MU,1681930790,77,-19.6833,63.4167,26.04,9.02
72,Bairnsdale,5,AU,1681930792,93,-37.8333,147.6167,5.59,2.18
73,Zlatograd,22,BG,1681930793,87,41.3833,25.1,9.46,1.37
74,Olonkinbyen,3,SJ,1681930671,90,70.9221,-8.7187,1.9,7.54
75,Luanda,15,AO,1681930702,86,-8.8368,13.2343,27.26,4.69
76,Arvayheer,8,MN,1681930796,22,46.2639,102.775,-4.44,2.07
77,Praia da Vitória,40,PT,1681930798,100,38.7333,-27.0667,13.14,8.93
78,Susuman,100,RU,1681930799,98,62.7833,148.1667,-13.77,2.19
79,Bro,7,SE,1681930807,68,59.5167,17.6333,8.9,2.01
80,Turabah,3,SA,1681930810,61,21.2141,41.6331,20.34,6.76
81,Aripuanã,100,BR,1681930813,85,-9.1667,-60.6333,27.49,0.26
82,Lerwick,9,GB,1681930814,79,60.1545,-1.1494,9.0,2.07
83,Byron Bay,100,AU,1681930817,80,-28.65,153.6167,14.28,1.72
84,College,40,US,1681930665,55,64.8569,-147.8028,-1.17,0.45
85,Taoudenni,5,ML,1681930828,12,22.6783,-3.9836,34.61,6.68
86,Tahoua,5,NE,1681930834,22,14.8888,5.2692,37.99,3.09
87,Dudinka,100,RU,1681930672,100,69.4058,86.1778,-14.1,2.1
88,Klyuchi,6,RU,1681930842,75,52.2667,79.1667,-4.49,4.41
89,Ilabaya,63,PE,1681930844,48,-17.4208,-70.5133,24.77,3.37
90,Bredasdorp,100,ZA,1681930846,63,-34.5322,20.0403,17.49,0.68
91,Lata,11,PT,1681930848,73,40.1629,-8.3327,17.67,3.05
92,Hasaki,100,JP,1681930849,93,35.7333,140.8333,15.68,3.76
93,Iqaluit,100,CA,1681930671,92,63.7506,-68.5145,-9.15,1.03
94,Al Jawf,100,SA,1681930852,27,29.5,38.75,26.25,5.1
95,Yellowknife,0,CA,1681930818,48,62.456,-114.3525,2.29,3.6
96,Thompson,75,CA,1681930848,43,55.7435,-97.8558,-0.91,5.66
97,Pekanbaru,75,ID,1681930855,100,0.5333,101.45,24.18,3.09
98,Luganville,95,VU,1681930857,95,-15.5333,167.1667,22.68,0.9
99,Amahai,6,ID,1681930858,92,-3.3333,128.9167,24.98,1.22
100,Chonchi,100,CL,1681930859,98,-42.6128,-73.8092,17.84,0.97
101,Polyarny,100,RU,1681930861,94,69.1989,33.4478,2.94,8.05
102,Badger,24,US,1681930862,61,64.8,-147.5333,-0.83,0.42
103,Tadine,8,NC,1681930865,81,-21.55,167.8833,24.73,2.04
104,Cologne,0,DE,1681930810,34,50.9333,6.95,12.75,5.14
105,Sinabang,100,ID,1681930869,83,2.4803,96.3801,26.32,1.11
106,Tralee,94,IE,1681930872,85,52.2704,-9.7026,10.58,3.34
107,Ust-Nera,100,RU,1681930875,100,64.5667,143.2,-15.63,3.09
108,Al Ghayzah,0,YE,1681930877,63,16.2079,52.176,28.31,4.91
109,Mount Gambier,99,AU,1681930879,88,-37.8333,140.7667,10.48,2.09
110,Paka,100,MY,1681930881,94,4.6374,103.4368,26.96,0.0
111,Usinsk,100,RU,1681930886,96,65.9939,57.5281,-1.36,5.59
112,Gilgit,89,PK,1681930887,81,35.9221,74.3087,12.21,1.37
113,Crane,0,US,1681930747,9,31.3974,-102.3501,30.48,5.65
114,Talnakh,97,RU,1681930890,92,69.4865,88.3972,-14.33,2.47
115,Ushuaia,75,AR,1681930892,62,-54.8,-68.3,10.79,12.86
116,Catherinas Lust,100,GY,1681930894,70,6.4,-57.6,28.19,3.85
117,Sretensk,100,RU,1681930904,92,52.2453,117.7093,-2.0,5.47
118,Suntar,100,RU,1681930905,97,62.1444,117.6319,-11.7,1.27
119,Tekman,34,TR,1681930907,81,39.6436,41.5078,7.95,1.55
120,Belmonte,4,BR,1681930908,78,-15.8631,-38.8828,28.95,5.82
121,Inderbor,100,KZ,1681930909,34,48.55,51.7833,12.92,5.69
122,Westport,20,US,1681930910,45,41.1415,-73.3579,15.61,8.75
123,Punta Arenas,40,CL,1681930912,62,-53.15,-70.9167,12.06,19.03
124,San Julián,85,MX,1681930914,12,21.0167,-102.1667,29.0,6.17
125,Puerto Ayora,100,EC,1681930915,99,-0.7393,-90.3518,29.98,2.24
126,Margate,0,GB,1681930691,76,51.3813,1.3862,10.5,5.36
127,Vorgashor,100,RU,1681930918,97,67.5833,63.95,-6.64,3.62
128,Ócsa,0,HU,1681930919,87,47.2999,19.2306,12.72,1.54
129,Bhamo,0,MM,1681930718,35,24.2667,97.2333,25.15,0.39
130,New Plymouth,90,NZ,1681930922,95,-39.0667,174.0833,19.34,2.8
131,Coari,95,BR,1681930924,57,-4.085,-63.1414,31.61,1.47
132,Qarqaraly,5,KZ,1681930925,74,49.4058,75.4742,-4.38,1.36
133,Carnarvon,79,AU,1681930722,42,-24.8667,113.6333,23.96,5.92
134,Hadibu,19,YE,1681930928,71,12.65,54.0333,28.08,3.06
135,Fale old settlement,100,TK,1681930930,72,-9.3852,-171.2468,27.93,2.21
136,Howard Springs,9,AU,1681930932,95,-12.497,131.047,22.12,1.33
137,Porto-Novo,18,BJ,1681930835,72,6.4965,2.6036,26.9,3.19
138,Chivhu,4,ZW,1681930934,69,-19.0211,30.8922,14.26,3.88
139,New Norfolk,100,AU,1681930936,76,-42.7826,147.0587,9.95,0.45
140,Santa Marta,20,CO,1681930809,58,11.2408,-74.199,33.03,4.12
141,Saugor,49,IN,1681930939,20,23.8333,78.7167,30.16,2.38
142,Arkhangelsk,75,RU,1681930730,69,64.5401,40.5433,4.06,5.0
143,Akdepe,93,TM,1681930943,16,42.0551,59.3788,11.05,5.2
144,Selfoss,100,IS,1681930944,91,63.9331,-20.9971,9.82,4.5
145,Camargo,90,MX,1681930946,10,27.6667,-105.1667,29.65,7.25
146,Lompoc,20,US,1681930947,56,34.6391,-120.4579,20.99,7.72
147,Broken Hill,1,AU,1681930949,66,-31.95,141.4333,10.81,6.28
148,San Antonio de Palé,100,GQ,1681930950,81,-1.4014,5.6325,28.52,5.45
149,San Fernando de Apure,100,VE,1681930952,28,7.8878,-67.4724,36.96,3.4
150,Inongo,70,CD,1681930953,71,-1.95,18.2667,26.75,0.27
151,Kapuskasing,100,CA,1681930737,74,49.4169,-82.4331,-1.95,6.69
152,Borodūlīkha,7,KZ,1681930956,76,50.7184,80.9295,-4.96,1.88
153,Çan,77,TR,1681930957,91,40.0333,27.0524,10.8,0.47
154,Aroma,0,SD,1681930959,6,15.8167,36.1333,32.35,4.3
155,Muscat,98,OM,1681930808,69,23.6139,58.5922,26.95,1.16
156,Soyo,100,AO,1681930961,90,-6.1349,12.3689,27.24,3.61
157,Whitehorse,75,CA,1681930963,81,60.7161,-135.0538,3.43,1.03
158,Pisco,0,PE,1681930964,69,-13.7,-76.2167,25.03,5.66
159,Kerikeri,94,NZ,1681930966,97,-35.2268,173.9474,19.95,0.45
160,Batī,96,ET,1681930967,61,11.1833,40.0167,20.94,3.7
161,Atafu Village,100,TK,1681930968,72,-8.5421,-172.5159,28.13,3.22
162,Motueka,52,NZ,1681930969,82,-41.1333,173.0167,12.28,1.19
163,Nazarovo,100,RU,1681930971,93,56.0064,90.3914,-6.23,5.21
164,Atherton,0,GB,1681930972,49,53.5237,-2.4935,12.16,3.13
165,Port Alfred,75,ZA,1681930973,75,-33.5906,26.891,23.43,3.79
166,Middlesboro,0,US,1681930974,24,36.6084,-83.7166,28.57,4.12
167,Dunedin,34,NZ,1681930928,95,-45.8742,170.5036,12.67,0.89
168,Volvera,20,IT,1681930977,63,44.9548,7.5114,18.25,0.52
169,Tawao,100,MY,1681930978,94,4.2498,117.8871,25.07,0.89
170,Yasuj,20,IR,1681930979,51,30.6682,51.588,13.75,3.09
171,Papao,100,PF,1681930982,79,-17.75,-149.55,29.81,8.13
172,Ghat,0,LY,1681930923,9,24.9647,10.1728,27.99,7.89
173,Psyzh,100,RU,1681930985,83,44.2331,42.0183,12.09,2.14
174,Mahina,75,PF,1681930978,70,-17.5065,-149.489,29.86,2.06
175,Mhamid,40,MA,1681930987,30,29.82,-5.72,24.59,3.36
176,Tabou,7,CI,1681930989,81,4.423,-7.3528,27.75,3.47
177,Phan Rang-Thap Cham,99,VN,1681930991,88,11.5667,108.9833,25.12,2.08
178,Avarua,40,CK,1681930881,88,-21.2078,-159.775,25.03,4.12
179,Udachny,98,RU,1681930994,100,66.4167,112.4,-18.02,1.77
180,La Ronge,75,CA,1681930996,37,55.1001,-105.2842,1.14,7.2
181,Freetown,75,SL,1681930998,78,8.484,-13.2299,27.84,6.69
182,Haiku-Pauwela,100,US,1681930725,95,20.9219,-156.3051,22.8,7.72
183,Bardai,100,NG,1681931001,26,11.65,7.2333,32.62,3.37
184,Labytnangi,100,RU,1681931002,92,66.6572,66.4183,-10.77,2.67
185,Onega,99,RU,1681930723,95,63.9061,38.1404,1.3,3.41
186,Nova Sintra,91,CV,1681931005,77,14.8667,-24.7167,20.33,6.44
187,Kurayoshi,35,JP,1681931008,94,35.4333,133.8167,16.01,2.37
188,Hamilton,0,US,1681930992,36,39.1834,-84.5333,26.66,5.14
189,Fiambalá,0,AR,1681931011,29,-27.6871,-67.6149,21.61,4.08
190,Craig,100,US,1681931012,69,40.5153,-107.5464,-2.03,4.63
191,Great Bend,0,US,1681931015,42,38.3645,-98.7648,28.8,0.0
192,Tura,51,IN,1681931016,61,25.5198,90.2201,26.66,4.12
193,Koné,3,NC,1681931017,92,-21.0595,164.8658,20.9,0.35
194,Pitimbu,86,BR,1681931019,75,-7.4706,-34.8086,30.33,3.8
195,Breckenridge,0,US,1681931020,37,32.7557,-98.9023,31.11,9.26
196,Sa Pa,0,VN,1681931022,37,22.3402,103.8441,18.58,0.78
197,Dolbeau-Mistassini,100,CA,1681931023,58,48.8763,-72.212,5.36,4.68
198,Brigantine,0,US,1681931024,35,39.4101,-74.3646,20.11,6.17
199,Doka,0,SD,1681931025,9,13.5167,35.7667,33.91,6.11
200,Le Vauclin,100,MQ,1681931027,83,14.5452,-60.8388,27.69,4.12
201,Sitka,40,US,1681930737,66,57.0531,-135.33,7.94,3.6
202,Lalago,60,TZ,1681931031,77,-3.45,33.95,20.17,2.49
203,Palikir,100,FM,1681931032,89,6.9248,158.1611,25.81,14.35
204,Neiafu,40,TO,1681931033,94,-18.65,-173.9833,24.38,0.0
205,Black Point,36,AU,1681931034,66,-34.6187,137.8972,14.41,3.49
206,Erenhot,6,CN,1681931035,21,43.6475,111.9767,5.08,5.25
207,Labrador City,100,CA,1681930805,75,52.9463,-66.9114,3.95,3.6
208,Skellefteå,0,SE,1681931038,58,64.7507,20.9528,11.2,2.57
209,Maïné Soroa,0,NE,1681931039,9,13.2114,12.0241,34.52,4.23
210,Mount Pearl,75,CA,1681931041,85,47.5166,-52.7813,3.31,9.26
211,Anshun,6,CN,1681931042,86,26.25,105.9333,16.84,2.7
212,Weno,100,FM,1681931043,83,7.4515,151.8468,26.97,3.09
213,Port Douglas,14,AU,1681931045,83,-16.4833,145.4667,23.94,2.43
214,Batang,30,ID,1681931047,86,-6.4846,110.7083,25.91,2.1
215,Banda Aceh,92,ID,1681931048,80,5.5577,95.3222,27.14,3.7
216,Anadyr,40,RU,1681931050,79,64.75,177.4833,-3.72,3.0
217,Vila Velha,20,BR,1681931051,69,-20.3297,-40.2925,34.41,2.57
218,Geraldton,80,AU,1681931053,45,-28.7667,114.6,18.23,2.57
219,Isangel,100,VU,1681931054,78,-19.55,169.2667,24.62,1.33
220,Ribeira Grande,75,PT,1681931056,72,38.5167,-28.7,15.22,6.69
221,Sturgeon Bay,100,US,1681930824,87,44.8342,-87.377,2.2,4.63
222,Nykvarn,6,SE,1681931060,74,59.8,18.3,7.71,2.02
223,Collie,0,AU,1681931061,64,-33.3667,116.15,10.4,2.14
224,Ambatondrazaka,26,MG,1681931063,94,-17.8333,48.4167,18.36,1.76
225,East London,0,ZA,1681931064,44,-33.0153,27.9116,26.52,3.09
226,Lázaro Cárdenas,41,MX,1681931066,57,17.9583,-102.2,29.07,5.07
227,Tangalle,7,LK,1681931068,85,6.024,80.7911,27.09,2.1
228,Lorengau,51,PG,1681931070,79,-2.0226,147.2712,26.6,2.17
229,Yŏmju-ŭp,100,KP,1681931071,74,39.8933,124.5981,10.37,2.39
230,Taltal,24,CL,1681930903,67,-25.4,-70.4833,21.02,2.08
231,Solwezi,29,ZM,1681931074,97,-12.1688,26.3894,16.29,1.96
232,El Calafate,16,AR,1681931077,81,-50.3408,-72.2768,9.7,10.02
233,Huarmey,79,PE,1681931079,70,-10.0681,-78.1522,26.58,4.3
234,Sisimiut,99,GL,1681931080,78,66.9395,-53.6735,-5.98,2.61
235,Comodoro Rivadavia,0,AR,1681931081,32,-45.8667,-67.5,26.92,10.8
236,Egersund,4,NO,1681931082,72,58.4513,5.9997,8.79,1.12
237,Ōfunato,10,JP,1681931084,70,39.0717,141.7167,7.92,2.11
238,Touros,100,BR,1681931085,73,-5.1989,-35.4608,28.34,4.82
239,Yarmouth,75,US,1681931086,49,41.7057,-70.2286,12.83,8.49
240,Saldanha,100,ZA,1681931087,83,-33.0117,17.9442,14.03,4.24
241,Padang,100,ID,1681931088,87,-0.9492,100.3543,25.89,0.81
242,Sevastopol,100,UA,1681931090,73,44.6,33.5333,10.0,1.34
243,Karratha,5,AU,1681931091,36,-20.7377,116.8463,23.57,6.0
244,Callao,75,PE,1681931092,61,-12.0667,-77.15,25.16,5.14
245,Melfi,20,IT,1681931093,90,40.9965,15.6514,8.51,2.31
246,Isafjordur,100,IS,1681931094,95,66.0755,-23.124,7.72,0.79
247,Itaituba,40,BR,1681931096,66,-4.2761,-55.9836,32.09,2.57
248,Carbonear,100,CA,1681930823,79,47.7332,-53.2148,4.52,4.98
249,Bishkul,7,KZ,1681931098,45,54.7803,69.1033,0.58,1.57
250,Sheringham,0,GB,1681931100,49,52.9408,1.2093,11.01,8.73
251,Valday,14,RU,1681931101,67,57.9747,33.2525,6.43,2.22
252,Kaga-Bandoro,100,CF,1681931102,53,6.9896,19.1874,27.91,1.61
253,Taro,76,ID,1681931105,94,-8.3862,115.28,23.0,0.84
254,Salahonda,100,CO,1681931106,76,2.1019,-78.7217,27.73,4.09
255,St. John's,75,CA,1681931108,85,47.5649,-52.7093,3.77,9.26
256,Moree,2,AU,1681930838,64,-29.4667,149.85,16.14,3.69
257,Esim,49,GH,1681931111,81,4.8699,-2.2405,27.64,3.23
258,Rubizhne,100,UA,1681931113,78,49.0123,38.3797,12.21,6.41
259,Tazacorte,75,ES,1681931114,79,28.629,-17.9293,19.54,4.63
260,Igarka,99,RU,1681931116,99,67.4667,86.5833,-18.64,1.01
261,Klaksvík,8,FO,1681931117,81,62.2266,-6.589,8.51,5.61
262,Saipan,20,MP,1681931119,100,15.1355,145.701,26.47,5.14
263,Jumilla,100,ES,1681931052,54,38.4792,-1.325,14.97,2.98
264,Steinbach am Taunus,0,DE,1681931122,44,50.1667,8.5667,11.11,6.17
265,Acaraú,100,BR,1681931123,80,-2.8856,-40.12,27.9,2.67
266,Bengkulu,100,ID,1681931125,90,-3.8004,102.2655,24.37,1.08
267,Prince Rupert,0,CA,1681931114,53,54.3161,-130.3201,9.05,8.23
268,Coquimbo,0,CL,1681930922,63,-29.9533,-71.3436,19.85,6.17
269,Ugoofaaru,24,MV,1681931129,74,5.6667,73.0,28.43,1.5
270,Cambria,15,US,1681930979,75,35.5641,-121.0808,16.42,2.68
271,Ngetkib,75,PW,1681931133,89,7.3645,134.5148,26.14,0.0
272,Quang Ngai,0,VN,1681931139,76,15.1167,108.8,25.81,2.11
273,Bubaque,22,GW,1681931141,76,11.2833,-15.8333,26.45,8.37
274,Kayangel,8,PW,1681931142,73,8.0823,134.7173,28.63,4.45
275,Kozhevnikovo,100,RU,1681931143,91,56.2589,83.9714,-4.38,3.3
276,São José da Coroa Grande,58,BR,1681931144,73,-8.8978,-35.1478,28.24,5.61
277,Baukau,4,DE,1681931146,41,51.5526,7.2042,11.74,1.79
278,Portel,100,BR,1681931148,80,-1.9356,-50.8211,26.6,1.26
279,Chaiyaphum,0,TH,1681931149,50,15.75,102.0,28.53,4.05
280,Weatherford,76,US,1681931150,63,32.7593,-97.7972,29.15,1.34
281,Lüderitz,100,NA,1681931152,75,-26.6481,15.1594,16.97,3.02
282,Arraial do Cabo,75,BR,1681931153,78,-22.9661,-42.0278,25.92,5.66
283,Laguna,0,US,1681931098,49,38.421,-121.4238,16.83,3.6
284,Constanța,100,RO,1681931155,93,44.1833,28.65,10.39,4.11
285,Revda,100,RU,1681931157,66,56.801,59.9303,2.02,1.54
286,Kendari,100,ID,1681931158,95,-3.945,122.4989,24.05,1.57
287,Saint-Joseph,20,RE,1681931159,83,-21.3667,55.6167,25.21,5.62
288,São João da Barra,98,BR,1681931160,79,-21.6403,-41.0511,27.05,6.12
289,Iskateley,100,RU,1681931162,98,67.6803,53.1512,0.22,7.56
290,Wailua Homesteads,20,US,1681931164,72,22.0669,-159.378,24.86,3.6
291,Katsuura,100,JP,1681931165,94,35.1333,140.3,17.1,3.8
292,Chake Chake,77,TZ,1681931167,88,-5.2459,39.7666,25.44,3.88
293,Mondariz,0,ES,1681931169,88,42.2311,-8.4584,15.66,7.2
294,Quellón,100,CL,1681931171,100,-43.1167,-73.6167,14.14,2.06
295,Settat,74,MA,1681931173,77,33.0007,-7.6204,16.9,3.87
296,Codrington,100,AU,1681931174,82,-38.2667,141.9667,11.16,3.8
297,Dedza,63,MW,1681931176,96,-14.3779,34.3332,14.46,1.49
298,Port Lincoln,100,AU,1681931178,66,-34.7333,135.8667,14.89,2.51
299,Kuloy,47,RU,1681931179,98,61.0305,42.4925,-2.05,0.74
300,Kuraymah,0,SD,1681931180,7,18.55,31.85,31.66,3.54
301,Chipinge,3,ZW,1681931182,91,-20.1883,32.6236,13.79,1.86
302,Nantucket,20,US,1681930895,49,41.2835,-70.0995,11.19,7.72
303,East Ballina,100,AU,1681931184,72,-28.8667,153.5833,14.33,5.89
304,Keflavik,75,IS,1681931186,100,64.0049,-22.5624,11.95,11.32
305,Bratsk,100,RU,1681931187,74,56.1325,101.6142,-9.73,4.0
306,Yatou,64,CN,1681931189,94,37.15,122.3833,11.34,4.84
307,Batouri,97,CM,1681931192,72,4.4333,14.3667,23.85,1.3
308,Lhokseumawe,88,ID,1681931194,83,5.1801,97.1507,26.86,3.42
309,Bikenibeu Village,20,KI,1681931196,83,1.3673,173.1241,27.98,1.54
310,Kapsabet,92,KE,1681931197,94,0.2039,35.105,18.75,1.87
311,Kourou,92,GF,1681931199,89,5.1552,-52.6478,25.03,3.76
312,Sinop Province,100,TR,1681931096,92,41.7711,34.8709,10.35,0.96
313,Cabo San Lucas,40,MX,1681931077,65,22.8909,-109.9124,27.56,3.6
314,Saurimo,100,AO,1681931203,78,-9.6608,20.3916,21.88,1.66
315,Zavodoukovsk,68,RU,1681931204,54,56.5042,66.5515,0.21,1.78
316,Bandon,100,IE,1681931205,89,51.7469,-8.7425,11.77,4.18
317,Stephenville,75,US,1681931207,53,32.2207,-98.2023,28.98,8.23
318,Kaa-Khem,97,RU,1681931208,54,51.6833,94.7333,-3.82,2.06
319,Maintirano,6,MG,1681931209,79,-18.0667,44.0167,26.67,3.4
320,Plouzané,0,FR,1681931210,75,48.3833,-4.6167,16.03,4.63
321,Kingscliff,100,AU,1681931212,68,-28.2667,153.5667,18.89,3.6
322,Kurchatov,100,RU,1681931214,54,51.6601,35.6521,13.01,5.8
323,Joaquín V. González,0,AR,1681931215,40,-25.0833,-64.1833,28.42,2.09
324,Bor,19,RU,1681931217,65,56.3567,44.0669,6.96,2.33
325,Rāmban,100,IN,1681931218,87,33.25,75.25,12.91,3.08
326,Luchegorsk,100,RU,1681931219,77,46.4764,134.2569,6.44,2.53
327,Mejit,100,MH,1681931221,81,10.2753,170.8646,26.74,8.5
328,Rehoboth,81,NA,1681931222,56,-23.3167,17.0833,20.26,2.46
329,Mahibadhoo,100,MV,1681931224,69,3.7833,72.9667,28.71,1.58
330,Imbituba,100,BR,1681931225,42,-28.24,-48.6703,25.48,2.85
331,Kirakira,16,SB,1681931226,73,-10.4544,161.9205,27.06,2.81
332,Magnanville,71,FR,1681931227,67,48.968,1.6784,15.03,5.3
333,Kalmunai,66,LK,1681931229,80,7.4167,81.8167,26.99,4.12
334,Nouadhibou,100,MR,1681931231,78,20.931,-17.0347,20.99,8.23
335,Amga,100,RU,1681931232,97,60.8953,131.9608,-5.58,0.83
336,Mahabalipuram,6,IN,1681931234,77,12.6264,80.1722,29.47,3.93
337,Sharm el Sheikh,70,EG,1681931235,37,27.8518,34.305,28.44,3.5
338,Gujba,4,NG,1681931236,38,11.5032,11.9367,30.52,3.24
339,Huitel,100,MX,1681931238,14,20.1639,-99.2733,28.75,6.12
340,Bel Ombre,100,SC,1681931239,76,-4.6167,55.4167,28.73,6.48
341,Afaahiti,100,PF,1681931241,79,-17.75,-149.2833,28.92,7.79
342,North Bend,100,US,1681931166,89,43.4065,-124.2243,10.51,5.66
343,Şuwayr,48,SA,1681931245,22,30.1171,40.3893,26.39,6.2
344,Undurkhaan,6,MN,1681931248,43,47.3194,110.6556,-3.05,2.75
345,Thunder Bay,75,CA,1681931145,30,48.4001,-89.3168,4.99,6.17
346,Altus,0,US,1681931251,20,34.6381,-99.334,33.73,9.26
347,Elin Pelin,100,BG,1681931252,81,42.6667,23.6,9.9,1.03
348,Pula,0,HR,1681931253,76,44.8683,13.8481,12.31,1.54
349,Salé,75,MA,1681931256,82,34.0389,-6.8166,19.38,5.66
350,Weligama,7,LK,1681931258,79,5.9667,80.4167,27.4,1.83
351,Bako,44,ET,1681931260,82,5.7833,36.5667,17.76,2.65
352,Minas de Marcona,5,PE,1681931261,40,-15.2119,-75.1103,26.05,2.49
353,Santa Ana,40,US,1681930988,57,33.7456,-117.8678,21.34,3.09
354,Sungai Penuh,100,ID,1681931263,98,-2.0833,101.3833,18.74,0.8
355,Surakarta,100,ID,1681931264,88,-7.5561,110.8317,25.18,2.19
356,Lüshunkou,91,CN,1681931266,70,38.8,121.2667,11.12,0.93
357,Talakan,100,RU,1681931267,54,50.3167,130.3667,2.62,2.15
358,Eforie Sud,100,RO,1681931268,94,44.0229,28.6494,10.45,3.76
359,Greenville,0,US,1681931269,28,35.6127,-77.3663,29.51,0.89
360,Kūhdasht,0,IR,1681931271,52,33.535,47.6061,16.5,0.79
361,Brooks,100,CA,1681931272,84,50.5834,-111.8851,0.02,5.66
362,Tarma,34,PE,1681931273,50,-11.4197,-75.6908,19.86,6.07
363,Narok,9,KE,1681931274,91,-1.0783,35.8601,15.66,3.22
364,Tôlanaro,100,MG,1681931275,98,-25.0319,46.9987,21.79,2.19
365,Rabaul,68,PG,1681931277,83,-4.1967,152.1721,25.85,2.72
366,Copala,31,MX,1681931278,42,16.65,-98.9833,33.42,5.0
367,Hobyo,100,SO,1681931279,66,5.3505,48.5268,29.02,6.2
368,Labuan,66,MY,1681931280,81,5.2767,115.2417,28.23,3.7
369,Villa El Carmen,10,NI,1681931282,61,11.9801,-86.5057,29.34,6.55
370,Kantagi,0,KZ,1681931283,27,43.5264,68.5775,7.78,9.6
371,Valley City,100,US,1681931285,100,46.9233,-98.0032,4.29,4.63
372,Gedaref,0,SD,1681931287,9,14.0349,35.3834,33.29,5.31
373,Beau Vallon,36,MU,1681931289,82,-20.4189,57.6953,25.68,6.6
374,Berezovyy,100,RU,1681931290,92,51.6667,135.7,0.33,1.37
375,Hue,40,VN,1681931292,89,16.4667,107.6,29.06,0.51
376,Gbely,100,SK,1681931294,87,48.718,17.1163,8.79,3.72
377,Mareeba,34,AU,1681931295,94,-17.0,145.4333,20.24,0.62
378,Colares,20,PT,1681931296,69,38.7992,-9.4469,19.55,6.26
379,Utrik,100,MH,1681931298,79,11.2278,169.8474,26.52,9.03
380,Yambio,100,SS,1681931299,96,4.5721,28.3955,20.77,1.18
381,Springbok,100,ZA,1681931301,40,-29.6643,17.8865,15.93,2.41
382,Sola,100,VU,1681931302,70,-13.8833,167.55,27.34,1.12
383,La Paz,40,BO,1681931304,20,-16.5,-68.15,18.99,4.12
384,Mata-Utu,100,WF,1681931306,73,-13.2816,-176.1745,28.6,5.75
385,Varva,100,UA,1681931307,76,50.495,32.7197,9.65,6.72
386,Camocim,100,BR,1681931309,83,-2.9022,-40.8411,27.79,1.57
387,Arica,0,CL,1681931113,64,-18.475,-70.3042,26.75,5.14
388,Chegdomyn,100,RU,1681931312,64,51.1167,133.0167,0.4,1.6
389,Fort Bragg,0,US,1681931314,24,35.139,-79.006,30.67,2.06
390,Tateyama,100,JP,1681931315,90,34.9833,139.8667,16.58,5.17
391,Greymouth,100,NZ,1681931317,92,-42.4667,171.2,11.62,2.39
392,Tyukhtet,100,RU,1681931318,93,56.5389,89.3011,-5.5,3.36
393,Leshan,100,CN,1681931319,93,29.5623,103.7639,21.25,3.09
394,Gandai,66,IN,1681931320,19,21.6667,81.1,31.63,2.68
395,Antofagasta,15,CL,1681931322,72,-23.65,-70.4,19.6,3.37
396,Severo-Yeniseyskiy,97,RU,1681931323,99,60.3725,93.0408,-15.62,1.95
397,Kristiansund,0,NO,1681931324,71,63.1115,7.732,10.03,1.03
398,Tabas,0,IR,1681931326,19,33.5959,56.9244,21.12,2.06
399,Ust'-Barguzin,100,RU,1681931327,74,53.45,108.9833,-8.99,6.7
400,Lihue,20,US,1681931154,72,21.9789,-159.3672,25.2,3.6
401,Mirny,100,RU,1681931330,48,62.5353,113.9611,-5.98,5.81
402,Ishigaki,96,JP,1681931331,87,24.3448,124.1572,25.38,10.98
403,Kailua-Kona,100,US,1681931176,91,19.6406,-155.9956,24.98,10.8
404,Panāgar,98,IN,1681931333,20,23.3,79.9833,30.93,1.13
405,Vadsø,75,NO,1681931335,81,70.0744,29.7487,5.49,2.57
406,Cedeira,44,ES,1681931336,82,43.6797,-8.0209,16.26,5.22
407,Khandyga,100,RU,1681931337,96,62.6667,135.6,-5.05,0.87
408,Renqiu,100,CN,1681931114,43,38.6989,116.0936,19.49,3.35
409,Concepción,0,CL,1681931339,60,-36.827,-73.0498,19.89,5.14
410,Salekhard,96,RU,1681931341,94,66.53,66.6019,-12.71,2.03
411,Khovd,0,MN,1681931342,28,48.0056,91.6419,-1.79,3.92
412,Bhīmunipatnam,2,IN,1681931344,71,17.8833,83.4333,27.73,5.24
413,Puerto Baquerizo Moreno,40,EC,1681931346,94,-0.9,-89.6,24.55,2.06
414,Mandalgovi,0,MN,1681931348,18,45.7625,106.2708,-1.91,2.65
415,Tuy Hoa,87,VN,1681931350,78,13.0833,109.3,24.91,2.77
416,Diu,0,IN,1681931353,51,20.7141,70.9822,28.12,4.87
417,Ghadames,10,LY,1681931354,11,30.1337,9.5007,29.33,4.81
418,Nang Rong,0,TH,1681931357,66,14.6377,102.7914,28.29,4.2
419,Yanam,10,IN,1681931358,86,16.7333,82.2167,25.11,1.15
420,Tsurugi-asahimachi,0,JP,1681931359,62,36.45,136.6333,12.94,2.49
421,Pathein,0,MM,1681931362,82,16.7833,94.7333,26.55,3.83
422,Sidrolândia,14,BR,1681931364,49,-20.9319,-54.9614,24.0,3.63
423,Vorkuta,100,RU,1681931365,96,67.5,64.0,-6.28,3.72
424,Guerrero Negro,6,MX,1681931366,55,27.9769,-114.0611,17.79,9.86
425,Retreat,100,US,1681931368,46,38.8245,-85.8533,27.47,5.7
426,Tulun,100,RU,1681931370,63,54.5611,100.5792,-10.1,3.03
427,Guilin,0,CN,1681931372,90,25.2819,110.2864,20.3,1.01
428,Asău,81,RO,1681931376,93,46.4333,26.4,9.6,1.81
429,Kampene,100,CD,1681931378,96,-3.6,26.6667,21.8,0.78
430,Portland,75,US,1681931336,87,45.5234,-122.6762,8.32,4.63
431,Al Qubbah,2,LY,1681931380,84,32.7616,22.2424,10.67,6.87
432,Quimilí,4,AR,1681931381,31,-27.6333,-62.4167,26.42,6.77
433,Zachary,0,US,1681931383,47,30.6485,-91.1565,28.18,4.63
434,Aykhal,100,RU,1681931384,100,66.0,111.5,-15.82,2.29
435,Howrah,40,IN,1681931386,84,22.5892,88.3103,30.0,4.12
436,Am Timan,6,TD,1681931387,20,11.0297,20.2827,35.73,2.66
437,Hacienda Huancane,96,PE,1681931388,13,-15.8222,-70.8856,13.75,4.35
438,Kalat,0,PK,1681931390,29,29.0225,66.5916,10.8,4.41
439,Tondon,61,GN,1681931391,53,10.3667,-13.35,31.25,3.08
440,Nedryhayliv,100,UA,1681931392,74,50.834,33.8763,9.74,6.09
441,Ouarzazate,1,MA,1681931395,38,30.9189,-6.8934,20.82,10.12
442,Garachiko,75,ES,1681931397,73,28.7781,-17.7646,18.06,4.63
443,La Passe,0,FR,1681931399,70,45.5549,-0.8967,20.13,3.99
444,Galliano,0,US,1681931400,53,29.4422,-90.2992,27.22,5.14
445,Macapá,40,BR,1681931399,74,0.0389,-51.0664,29.99,4.12
446,Nizhniy Lomov,100,RU,1681931404,44,53.5304,43.6766,10.53,2.72
447,Salinópolis,100,BR,1681931288,90,-0.6136,-47.3561,25.42,2.29
448,Bagan,22,RU,1681931407,40,54.1001,77.6646,-2.29,3.34
449,Atakpamé,9,TG,1681931409,59,7.5333,1.1333,28.15,0.82
450,Timimoun,0,DZ,1681931410,9,29.2639,0.231,29.62,4.79
451,Port Macquarie,92,AU,1681931412,82,-31.4333,152.9167,14.38,3.4
452,Saint-François,0,FR,1681931415,51,46.4154,3.9054,15.69,2.06
453,Sangla Hill,0,PK,1681931416,74,31.7167,73.3833,20.24,4.6
454,Val-d'Or,100,CA,1681931417,68,48.1002,-77.7828,-0.41,4.29
455,Hithadhoo,100,MV,1681931420,70,-0.6,73.0833,28.7,1.54
456,Makurazaki,100,JP,1681931422,84,31.2667,130.3167,16.16,7.93
457,Fuengirola,20,ES,1681931424,67,36.54,-4.6247,17.69,2.57
458,Ayoun El Atrous,100,MR,1681931426,15,16.6614,-9.6149,35.77,3.64
459,Arnö,8,SE,1681931427,80,60.1167,18.6333,3.21,2.4
460,Andijan,71,UZ,1681931428,33,40.7821,72.3442,8.6,2.61
461,Manaure,8,CO,1681931430,78,11.7751,-72.4445,26.32,8.96
462,Tchibanga,100,GA,1681931431,95,-2.85,11.0333,23.96,0.97
463,Holualoa,100,US,1681931433,90,19.6228,-155.9522,22.91,10.8
464,Pariaman,100,ID,1681931434,83,-0.619,100.12,26.18,0.66
465,Flying Fish Cove,86,CX,1681931217,80,-10.4217,105.6791,26.67,7.98
466,Itoman,100,JP,1681931437,98,26.1247,127.6694,23.43,3.6
467,Keetmanshoop,100,NA,1681931439,30,-26.5833,18.1333,25.55,3.53
468,Faya-Largeau,88,TD,1681931440,7,17.9257,19.1043,36.56,4.47
469,Östersund,0,SE,1681931441,65,63.1792,14.6357,7.25,5.66
470,Córdoba,0,AR,1681931341,25,-31.4135,-64.1811,28.01,4.02
471,Lázaro Cárdenas,52,MX,1681931444,57,17.9583,-102.2,29.23,5.21
472,Suva,20,FJ,1681931300,100,-18.1416,178.4415,23.71,1.54
473,Luwingu,98,ZM,1681931448,97,-10.2621,29.9271,16.27,2.02
474,Tāfuna,100,AS,1681931449,78,-14.3358,-170.72,28.36,8.24
475,Chui,99,UY,1681931450,62,-33.6971,-53.4616,14.53,6.08
476,Newport,67,GB,1681931364,76,51.5877,-2.9984,14.3,8.65
477,Maqat,100,KZ,1681931452,33,47.65,53.3167,13.06,5.68
478,Aden,2,YE,1681931174,77,12.7794,45.0367,27.98,8.09
479,Rovinj,32,HR,1681931455,77,45.08,13.64,12.9,1.22
480,Nogliki,97,RU,1681931456,94,51.8333,143.1667,-1.34,3.01
481,Kingston,57,JM,1681931457,84,17.997,-76.7936,29.0,1.34
482,Pangoa,63,PE,1681931458,50,-12.1167,-73.0,30.78,2.22
483,San Luis de la Loma,50,MX,1681931460,30,17.2706,-100.8939,35.64,4.01
484,Sos'va,0,RU,1681931461,63,59.1766,61.8558,-0.79,2.21
485,Nieuw Amsterdam,40,SR,1681931462,73,5.8833,-55.0833,30.01,4.12
486,Caleta de Carquín,45,PE,1681931464,79,-11.0925,-77.6267,23.92,5.7
487,Kālāvad,10,IN,1681931465,57,22.2167,70.3833,27.13,5.55
488,Lianhe,100,CN,1681931466,88,47.1333,129.2667,6.17,1.49
489,Tarragona,0,ES,1681931468,68,41.129,1.249,16.3,2.06
490,Znamenskoye,61,RU,1681931469,78,57.1281,73.8282,-3.22,1.86
491,Chacabuco,5,AR,1681931470,30,-34.6417,-60.4739,19.9,8.16
492,Chengdu,100,CN,1681931435,78,30.6667,104.0667,22.15,2.55
493,Pahlgām,100,IN,1681931473,96,34.0333,75.3333,2.84,1.78
494,Lubang,0,PH,1681931474,73,13.8584,120.124,28.17,0.72
495,Saint-Philippe,28,RE,1681931476,86,-21.3585,55.7679,25.77,5.74
496,Banlung,0,KH,1681931477,82,13.7468,107.0045,24.14,0.26
497,Acajutla,24,SV,1681931474,57,13.5928,-89.8275,30.81,4.76
498,Veliky Novgorod,6,RU,1681931480,73,58.5167,31.2833,8.07,4.64
499,Gamba,100,GA,1681931481,89,-2.65,10.0,26.59,2.8
500,Boende,86,CD,1681931483,77,-0.2167,20.8667,24.45,1.24
501,Djambala,95,CG,1681931484,82,-2.5447,14.7533,23.06,1.36
502,Ulladulla,100,AU,1681931485,81,-35.35,150.4667,14.87,3.52
503,Mthatha,0,ZA,1681931487,31,-31.5889,28.7844,18.51,2.59
504,Guercif,100,MA,1681931488,60,34.2257,-3.3536,17.31,7.24
505,Dar Chioukh,53,DZ,1681931490,24,34.8964,3.4854,20.24,7.04
506,Yanaul,100,RU,1681931491,91,56.2719,54.9309,6.01,2.93
507,Pankovka,6,RU,1681931492,73,58.5,31.1999,8.07,4.69
508,Borogontsy,100,RU,1681931494,97,62.6683,131.1683,-5.63,1.28
509,Ar Ruţbah,57,IQ,1681931495,45,33.0381,40.2848,22.15,9.56
510,Qaqortoq,85,GL,1681931497,89,60.7167,-46.0333,0.97,1.81
511,Vernon,100,CA,1681931476,47,50.2581,-119.2691,11.53,0.66
512,Kill Devil Hills,0,US,1681931499,74,36.0307,-75.676,24.0,3.6
513,Eldama Ravine,95,KE,1681931501,87,0.0516,35.7308,15.26,1.13
514,Palmer,90,US,1681931502,51,42.1584,-72.3287,11.25,3.13
515,Hirara,100,JP,1681931504,89,24.8,125.2833,24.73,10.44
516,Oshnavīyeh,100,IR,1681931505,63,37.0397,45.0983,13.65,2.71
517,Machico,40,PT,1681931506,67,32.7,-16.7667,20.35,4.63
518,Houghton,0,US,1681931507,64,47.1219,-88.569,3.69,4.63
519,Krasnohrad,100,UA,1681931509,91,49.3814,35.4402,8.79,6.87
520,Kapaa,20,US,1681931510,72,22.0752,-159.319,25.61,3.6
521,Chamdo,6,CN,1681931511,48,31.1667,97.2333,3.17,2.38
522,Camaná,7,PE,1681931513,70,-16.6228,-72.7111,22.77,3.38
523,Iranshahr,26,IR,1681931514,13,27.2025,60.6848,27.32,2.59
524,Nyurba,52,RU,1681931515,99,63.2842,118.3319,-17.09,1.43
525,Barcelos,53,PT,1681931517,85,41.5388,-8.6151,15.38,1.82
526,Ceeldheer,95,SO,1681931518,67,3.8488,47.1806,28.92,5.02
527,Nuku'alofa,75,TO,1681931519,94,-21.1333,-175.2,24.19,7.72
528,Vevčani,75,MK,1681931520,76,41.2406,20.5933,8.77,1.03
529,Yuzhno-Kurilsk,52,RU,1681931522,83,44.0306,145.8556,3.56,2.07
530,Visbek,6,DE,1681931524,52,52.8333,8.3167,9.67,5.73
531,Bratske,100,UA,1681931525,89,47.865,31.5731,9.37,5.34
532,Altay,100,CN,1681931527,66,47.8667,88.1167,-1.76,1.37
533,Belomorsk,100,RU,1681931528,98,64.5232,34.7668,1.89,3.53
534,Bo`ka,2,UZ,1681931529,52,40.8108,69.1986,9.7,0.99
535,Nago,100,JP,1681931531,88,26.5881,127.9761,23.47,5.01
536,Kununurra,1,AU,1681931532,50,-15.7667,128.7333,24.99,4.63
537,Ukiah,40,US,1681931534,46,39.1502,-123.2078,14.53,3.6
538,Nossa Senhora da Glória,100,BR,1681931537,28,-10.2183,-37.4203,35.87,2.75
539,Cascais,20,PT,1681931538,69,38.6979,-9.4215,19.64,6.26
540,Khāsh,1,IR,1681931539,21,28.2211,61.2158,17.69,0.52
541,Paradip,0,IN,1681931541,76,20.3167,86.6167,28.22,6.21
542,Plastun,100,RU,1681931542,77,44.7561,136.2939,6.25,1.11
543,Bakal,100,RU,1681931544,97,54.9417,58.8083,4.75,1.82
544,Cururupu,95,BR,1681931468,88,-1.8283,-44.8683,27.05,1.58
545,Ylitornio,100,FI,1681931547,100,66.3089,23.6773,1.35,0.67
546,Aral,100,CN,1681931548,43,40.5156,81.2636,11.26,4.17
547,Rongelap,98,MH,1681931550,84,11.1635,166.8941,26.03,9.27
548,Soc Trang,2,VN,1681931551,79,9.6033,105.98,27.55,2.54
549,El Bauga,0,SD,1681931553,7,18.262,33.9081,29.72,4.57
550,Waingapu,100,ID,1681931556,79,-9.6567,120.2641,24.07,3.9
551,Qala i Naw,0,AF,1681931557,47,34.9874,63.1289,11.55,1.86
552,Edenbridge,0,GB,1681931558,59,51.1917,0.0673,11.4,6.69
553,Bamboo Flat,19,IN,1681931560,82,11.7,92.7167,27.34,3.41
554,Vodnyy,100,RU,1681931561,86,63.5046,53.4095,0.44,2.47
555,Puerto Lempira,28,HN,1681931562,48,15.2667,-83.7667,32.15,7.24
556,Pôsto Fiscal Rolim de Moura,100,BR,1681931563,94,-13.0833,-62.2667,26.84,0.06
557,Rayachoti,0,IN,1681931565,44,14.05,78.75,27.49,2.57
558,Fortuna,14,US,1681931566,58,40.5982,-124.1573,13.29,0.89
559,Castillos,76,UY,1681931567,81,-34.1667,-53.8333,13.81,4.12
560,Homer,0,US,1681931568,60,59.6425,-151.5483,6.69,2.24
